<?xml version="1.0" encoding="UTF-8"?>
<beans xmlns="http://www.springframework.org/schema/beans"
	xmlns:context="http://www.springframework.org/schema/context" xmlns:p="http://www.springframework.org/schema/p"
	xmlns:aop="http://www.springframework.org/schema/aop" xmlns:tx="http://www.springframework.org/schema/tx"
	xmlns:xsi="http://www.w3.org/2001/XMLSchema-instance"
	xsi:schemaLocation="http://www.springframework.org/schema/beans http://www.springframework.org/schema/beans/spring-beans-4.2.xsd
	http://www.springframework.org/schema/context http://www.springframework.org/schema/context/spring-context-4.2.xsd
	http://www.springframework.org/schema/aop http://www.springframework.org/schema/aop/spring-aop-4.2.xsd http://www.springframework.org/schema/tx http://www.springframework.org/schema/tx/spring-tx-4.2.xsd
	http://www.springframework.org/schema/util http://www.springframework.org/schema/util/spring-util-4.2.xsd">
	
	<bean id="targetConnection" class="org.apache.activemq.ActiveMQConnectionFactory">
		<property name="brokerURL" value="tcp://192.168.10.132:61616"></property>
	</bean>
	<!-- 通用的connectionfacotry 指定真正使用的连接工厂 -->
	<bean id="connectionFactory" class="org.springframework.jms.connection.SingleConnectionFactory">
		<property name="targetConnectionFactory" ref="targetConnection"></property>
	</bean>
	<bean id="topicDestination" class="org.apache.activemq.command.ActiveMQTopic">
		<constructor-arg name="name" value="item-change-topic"></constructor-arg>
	</bean>
	<!-- messagelistener的初始化 -->
	<bean id="itemChangeGenHtmMessageListener" class="com.taotao.listener.ItemChangeGenHtmMessageListener"></bean>
	<!-- 设置默认的监听容器 -->
	<bean class="org.springframework.jms.listener.DefaultMessageListenerContainer">
		<property name="connectionFactory" ref="connectionFactory"></property>
		<property name="destination" ref="topicDestination"></property>
		<property name="messageListener" ref="itemChangeGenHtmMessageListener"></property>
	</bean>
</beans>
