<?xml version="1.0" encoding="UTF-8"?>
<beans xmlns="http://www.springframework.org/schema/beans"
	xmlns:xsi="http://www.w3.org/2001/XMLSchema-instance" xmlns:p="http://www.springframework.org/schema/p"
	xmlns:context="http://www.springframework.org/schema/context"
	xmlns:dubbo="http://code.alibabatech.com/schema/dubbo" xmlns:mvc="http://www.springframework.org/schema/mvc"
	xsi:schemaLocation="http://www.springframework.org/schema/beans http://www.springframework.org/schema/beans/spring-beans-4.2.xsd
        http://www.springframework.org/schema/mvc http://www.springframework.org/schema/mvc/spring-mvc-4.2.xsd
        http://code.alibabatech.com/schema/dubbo http://code.alibabatech.com/schema/dubbo/dubbo.xsd
        http://www.springframework.org/schema/context http://www.springframework.org/schema/context/spring-context-4.2.xsd">

	<context:property-placeholder location="classpath:resource/*.properties" />
	<context:component-scan base-package="com.taotao.item.controller" />
	<mvc:annotation-driven />
	<bean
		class="org.springframework.web.servlet.view.InternalResourceViewResolver">
		<property name="prefix" value="/WEB-INF/jsp/" />
		<property name="suffix" value=".jsp" />
	</bean>


	<bean id="freemarkerConfig"
		class="org.springframework.web.servlet.view.freemarker.FreeMarkerConfigurer">
		<property name="templateLoaderPath" value="/WEB-INF/ftl/" />
		<property name="defaultEncoding" value="UTF-8" />
	</bean>


	<!-- 引用dubbo服务 -->
	<dubbo:application name="taotao-item-web" />
	<dubbo:registry protocol="zookeeper" address="192.168.10.132:2181" />
	<dubbo:reference interface="com.taotao.service.ItemService"
		id="itemService" timeout="300000" />
</beans>