<?xml version="1.0" encoding="UTF-8"?>
<beans xmlns="http://www.springframework.org/schema/beans"
	xmlns:xsi="http://www.w3.org/2001/XMLSchema-instance" xmlns:p="http://www.springframework.org/schema/p"
	xmlns:context="http://www.springframework.org/schema/context"
	xmlns:dubbo="http://code.alibabatech.com/schema/dubbo" 
	xmlns:mvc="http://www.springframework.org/schema/mvc"
	xsi:schemaLocation="http://www.springframework.org/schema/beans http://www.springframework.org/schema/beans/spring-beans-4.2.xsd
        http://www.springframework.org/schema/mvc http://www.springframework.org/schema/mvc/spring-mvc-4.2.xsd
        http://code.alibabatech.com/schema/dubbo http://code.alibabatech.com/schema/dubbo/dubbo.xsd
        http://www.springframework.org/schema/context http://www.springframework.org/schema/context/spring-context-4.2.xsd">

	<context:component-scan base-package="com.taotao.controller" />
	
	<mvc:annotation-driven />
	<bean
		class="org.springframework.web.servlet.view.InternalResourceViewResolver">
		<property name="prefix" value="/WEB-INF/jsp/" />
		<property name="suffix" value=".jsp" />
	</bean>
	
	<!-- 配置文件上传解析器 -->
	<!-- 必须配置id="multipartResolver" 否则解析器不能使用 -->
	<bean id="multipartResolver" class="org.springframework.web.multipart.commons.CommonsMultipartResolver">
		<!-- 文件大小校验 -->
		<property name="maxUploadSize" value="5000000"></property>
	</bean>
	
	<!-- 配置静态资源映射  -->
	<!-- 指定/WEB-INF/js   /WEB-INF/css/  下的所有的静态资源包括子目录下的静态资源  都不被拦截-->
	<!--  mapping=/js/**  :表示访问静态资源的路径的形式    可以访问 /js/下的静态资源或者所有的子目录下的静态资源-->
	<mvc:resources location="/WEB-INF/js/" mapping="/js/**"/>
	<mvc:resources location="/WEB-INF/css/" mapping="/css/**"/>
	
	<!-- 引用dubbo服务 -->
	<dubbo:application name="taotao-manager-web"/>
	<dubbo:registry protocol="zookeeper" address="192.168.10.132:2181"></dubbo:registry>
	<dubbo:reference interface="com.taotao.service.TestService" id="testService"></dubbo:reference>
	<dubbo:reference interface="com.taotao.service.ItemCatService" id="itemCatService" timeout="300000"/>
	<dubbo:reference interface="com.taotao.service.ItemService" id="itemService" timeout="30000"></dubbo:reference>
	<dubbo:reference interface="com.taotao.content.service.ContentCategoryService" id="contentCategoryService" timeout="300000"/>
	<dubbo:reference interface="com.taotao.content.service.ContentService" id="contentService" timeout="300000"/>
	<dubbo:reference interface="com.taotao.search.service.SearchService" id="searchService" timeout="300000"/>  
</beans>

