<?xml version="1.0" encoding="UTF-8"?>
<beans xmlns="http://www.springframework.org/schema/beans"
	xmlns:xsi="http://www.w3.org/2001/XMLSchema-instance"
	xmlns:context="http://www.springframework.org/schema/context"
	xmlns:aop="http://www.springframework.org/schema/aop"
	xmlns:tx="http://www.springframework.org/schema/tx"
	xsi:schemaLocation="http://www.springframework.org/schema/beans 
	http://www.springframework.org/schema/beans/spring-beans-4.2.xsd
	http://www.springframework.org/schema/context
	http://www.springframework.org/schema/context/spring-context-4.2.xsd
	http://www.springframework.org/schema/aop
	http://www.springframework.org/schema/aop/spring-aop.xsd
	http://www.springframework.org/schema/tx 
	http://www.springframework.org/schema/tx/spring-tx.xsd">
	
	<!-- <context:annotation-config></context:annotation-config> -->
	<!-- 配置单机版 -->
	<bean class="redis.clients.jedis.JedisPool">
		<constructor-arg name="host" value="192.168.10.132"></constructor-arg>
		<constructor-arg name="port" value="6379"></constructor-arg>
	</bean>
	<bean class="com.taotao.content.jedis.JedisClientPool"></bean>
	<!-- 配置集群版 -->	
	<!-- <bean class="redis.clients.jedis.JedisCluster">
		<constructor-arg name="nodes">
			<set>
				<bean class="redis.clients.jedis.HostAndPort">
					<constructor-arg name="host" value="192.168.10.132"></constructor-arg>
					<constructor-arg name="port" value="7001"></constructor-arg>
				</bean>
				<bean class="redis.clients.jedis.HostAndPort">
					<constructor-arg name="host" value="192.168.10.132"></constructor-arg>
					<constructor-arg name="port" value="7002"></constructor-arg>
				</bean>
				<bean class="redis.clients.jedis.HostAndPort">
					<constructor-arg name="host" value="192.168.10.132"></constructor-arg>
					<constructor-arg name="port" value="7003"></constructor-arg>
				</bean>
				<bean class="redis.clients.jedis.HostAndPort">
					<constructor-arg name="host" value="192.168.10.132"></constructor-arg>
					<constructor-arg name="port" value="7004"></constructor-arg>
				</bean>
				<bean class="redis.clients.jedis.HostAndPort">
					<constructor-arg name="host" value="192.168.10.132"></constructor-arg>
					<constructor-arg name="port" value="7005"></constructor-arg>
				</bean>
				<bean class="redis.clients.jedis.HostAndPort">
					<constructor-arg name="host" value="192.168.10.132"></constructor-arg>
					<constructor-arg name="port" value="7006"></constructor-arg>
				</bean> 
			</set>
		</constructor-arg>
	</bean>
	<bean class="com.taotao.content.jedis.JedisClientCluster"></bean> -->
</beans>