<?xml version="1.0" encoding="UTF-8"?>
<beans xmlns="http://www.springframework.org/schema/beans"
	xmlns:xsi="http://www.w3.org/2001/XMLSchema-instance" xmlns:p="http://www.springframework.org/schema/p"
	xmlns:context="http://www.springframework.org/schema/context"
	xmlns:dubbo="http://code.alibabatech.com/schema/dubbo" 
	xmlns:mvc="http://www.springframework.org/schema/mvc"
	xsi:schemaLocation="http://www.springframework.org/schema/beans http://www.springframework.org/schema/beans/spring-beans-4.2.xsd
        http://www.springframework.org/schema/mvc http://www.springframework.org/schema/mvc/spring-mvc-4.2.xsd
        http://code.alibabatech.com/schema/dubbo http://code.alibabatech.com/schema/dubbo/dubbo.xsd
        http://www.springframework.org/schema/context http://www.springframework.org/schema/context/spring-context-4.2.xsd">

	<context:component-scan base-package="com.taotao.cart.controller" />
	<context:property-placeholder location="classpath:resource/*.properties"/>
	<mvc:annotation-driven />
	<bean
		class="org.springframework.web.servlet.view.InternalResourceViewResolver">
		<property name="prefix" value="/WEB-INF/jsp/" />
		<property name="suffix" value=".jsp" />
	</bean>
	
	<!-- 配置静态资源映射  -->
	<!-- 指定/js   /css/  下的所有的静态资源包括子目录下的静态资源  都不被拦截-->
	<!--  mapping=/js/**  :表示访问静态资源的路径的形式    可以访问 /js/下的静态资源或者所有的子目录下的静态资源-->
	<mvc:resources location="/js/" mapping="/js/**"/>
	<mvc:resources location="/css/" mapping="/css/**"/>
	<mvc:resources location="/images/" mapping="/images/**"/>
	
	<!-- 引用dubbo服务 -->
	<dubbo:application name="taotao-cart-web"/>
	<dubbo:registry protocol="zookeeper" address="192.168.10.132:2181"></dubbo:registry>
	<dubbo:reference interface="com.taotao.cart.service.CartService" id="cartService" timeout="300000"></dubbo:reference>
	<dubbo:reference interface="com.taotao.sso.service.UserLoginService" id="userLoginService" timeout="300000"></dubbo:reference>
	<dubbo:reference interface="com.taotao.service.ItemService" id="itemService" timeout="300000"></dubbo:reference>
</beans>

